{
  "benchmark": "medical (MedQA)",
  "alpha": 0.2,
  "n_reps": 10,
  "n_passes": 30,
  "burn_in_accepts": 500,
  "n_items": 1018,
  "err_easy": 0.17092337917485267,
  "err_hard": 0.4636542239685658,
  "shift_ratio": 2.7126436781609193,
  "iid_summary": {
    "CSA-RLVR": {
      "final_risk_mean": 0.11455407683068394,
      "final_risk_std": 0.00035924596677564154,
      "final_ar_mean": 0.39253765553372627,
      "final_ar_std": 0.0026436936719137923,
      "max_risk_mean": 0.12676287909306422,
      "max_risk_std": 0.005642139608189025,
      "pathwise_violations": 0,
      "n_reps": 10,
      "pathwise_violation_rate": "0/10"
    },
    "Always-Act": {
      "final_risk_mean": 0.3153241650294695,
      "final_risk_std": 0.0,
      "final_ar_mean": 1.0,
      "final_ar_std": 0.0,
      "max_risk_mean": 0.33092717553949424,
      "max_risk_std": 0.009942215017235771,
      "pathwise_violations": 10,
      "n_reps": 10,
      "pathwise_violation_rate": "10/10"
    },
    "Fixed-Threshold": {
      "final_risk_mean": 0.2687249740883551,
      "final_risk_std": 0.0006683791160912504,
      "final_ar_mean": 0.8610183366077276,
      "final_ar_std": 0.0023796647446070484,
      "max_risk_mean": 0.2950027333000976,
      "max_risk_std": 0.007748017837647287,
      "pathwise_violations": 10,
      "n_reps": 10,
      "pathwise_violation_rate": "10/10"
    },
    "Naive-Tuning": {
      "final_risk_mean": 0.22464845935692432,
      "final_risk_std": 0.022918889775884355,
      "final_ar_mean": 0.2026358873608382,
      "final_ar_std": 0.2987084592020266,
      "max_risk_mean": 0.22987595679024603,
      "max_risk_std": 0.01703051715810959,
      "pathwise_violations": 10,
      "n_reps": 10,
      "pathwise_violation_rate": "10/10"
    },
    "ACI": {
      "final_risk_mean": 0.23211715856978868,
      "final_risk_std": 0.00032731235796704464,
      "final_ar_mean": 0.7519711853307138,
      "final_ar_std": 0.0017333147468278466,
      "max_risk_mean": 0.23258285565226205,
      "max_risk_std": 0.0002673783869781304,
      "pathwise_violations": 10,
      "n_reps": 10,
      "pathwise_violation_rate": "10/10"
    },
    "SAOCP": {
      "final_risk_mean": 0.23158470325672256,
      "final_risk_std": 0.0004145874844585722,
      "final_ar_mean": 0.7483824492468893,
      "final_ar_std": 0.0015729502849612929,
      "max_risk_mean": 0.2317924691760167,
      "max_risk_std": 0.00038462029569682506,
      "pathwise_violations": 10,
      "n_reps": 10,
      "pathwise_violation_rate": "10/10"
    },
    "LTT": {
      "final_risk_mean": 0.03437566953383091,
      "final_risk_std": 0.05250971496078157,
      "final_ar_mean": 0.12167648984937787,
      "final_ar_std": 0.18586394199365472,
      "max_risk_mean": 0.036444750150161784,
      "max_risk_std": 0.05567888241799371,
      "pathwise_violations": 0,
      "n_reps": 10,
      "pathwise_violation_rate": "0/10"
    }
  },
  "shift_summary": {
    "CSA-RLVR": {
      "final_risk_mean": 0.11521981328681152,
      "final_risk_std": 0.00031214423528779417,
      "final_ar_mean": 0.3875114603798297,
      "final_ar_std": 0.003156699459626991,
      "max_risk_mean": 0.12667017994751276,
      "max_risk_std": 0.00333937239653562,
      "pathwise_violations": 0,
      "n_reps": 10,
      "pathwise_violation_rate": "0/10"
    },
    "Always-Act": {
      "final_risk_mean": 0.3153241650294695,
      "final_risk_std": 0.0,
      "final_ar_mean": 1.0,
      "final_ar_std": 0.0,
      "max_risk_mean": 0.3159095727405083,
      "max_risk_std": 0.0004938415625552697,
      "pathwise_violations": 10,
      "n_reps": 10,
      "pathwise_violation_rate": "10/10"
    },
    "Fixed-Threshold": {
      "final_risk_mean": 0.266564475041615,
      "final_risk_std": 0.00041507117896682317,
      "final_ar_mean": 0.8524983628028814,
      "final_ar_std": 0.0013947574270036266,
      "max_risk_mean": 0.2823234600338683,
      "max_risk_std": 0.00260861115157605,
      "pathwise_violations": 10,
      "n_reps": 10,
      "pathwise_violation_rate": "10/10"
    },
    "Naive-Tuning": {
      "final_risk_mean": 0.25837075785393815,
      "final_risk_std": 0.0016359805699055084,
      "final_ar_mean": 0.04693516699410609,
      "final_ar_std": 0.0013469824754025275,
      "max_risk_mean": 0.31076892224901786,
      "max_risk_std": 0.0031085398246521226,
      "pathwise_violations": 10,
      "n_reps": 10,
      "pathwise_violation_rate": "10/10"
    },
    "ACI": {
      "final_risk_mean": 0.23228906266569843,
      "final_risk_std": 0.00019320782076877918,
      "final_ar_mean": 0.751385068762279,
      "final_ar_std": 0.0011808765861341813,
      "max_risk_mean": 0.23245276727850556,
      "max_risk_std": 0.0002661003811957801,
      "pathwise_violations": 10,
      "n_reps": 10,
      "pathwise_violation_rate": "10/10"
    },
    "SAOCP": {
      "final_risk_mean": 0.21448185504678485,
      "final_risk_std": 0.0004647072859343094,
      "final_ar_mean": 0.704947609692207,
      "final_ar_std": 0.0008769571137779743,
      "max_risk_mean": 0.2170238811036008,
      "max_risk_std": 0.0011359428492521428,
      "pathwise_violations": 10,
      "n_reps": 10,
      "pathwise_violation_rate": "10/10"
    },
    "LTT": {
      "final_risk_mean": 0.31818242343541947,
      "final_risk_std": 4.660452729693795e-05,
      "final_ar_mean": 0.9836280288146693,
      "final_ar_std": 0.0,
      "max_risk_mean": 0.483822539530816,
      "max_risk_std": 0.0027980926558133948,
      "pathwise_violations": 10,
      "n_reps": 10,
      "pathwise_violation_rate": "10/10"
    }
  }
}