{
  "medical": {
    "alpha": 0.2,
    "n_items": 1018,
    "final_risk_mean": 0.06868513345943209,
    "final_risk_std": 0.05608127065571695,
    "final_ar_mean": 0.24344466273739357,
    "final_ar_std": 0.19877182089364562,
    "max_risk_mean": 0.07405694289596385,
    "max_risk_std": 0.060572737435195007,
    "pathwise_violations": 0,
    "pathwise_violation_rate": "0/10",
    "n_reps": 10
  },
  "pubmedqa": {
    "alpha": 0.2,
    "n_items": 800,
    "final_risk_mean": 0.0,
    "final_risk_std": 0.0,
    "final_ar_mean": 0.0,
    "final_ar_std": 0.0,
    "max_risk_mean": 0.0,
    "max_risk_std": 0.0,
    "pathwise_violations": 0,
    "pathwise_violation_rate": "0/10",
    "n_reps": 10
  },
  "tatqa": {
    "alpha": 0.2,
    "n_items": 565,
    "final_risk_mean": 0.08219309106269315,
    "final_risk_std": 0.00018309665303641417,
    "final_ar_mean": 0.5014454277286136,
    "final_ar_std": 0.00018516052892596785,
    "max_risk_mean": 0.08793705149711803,
    "max_risk_std": 0.0025652290504920936,
    "pathwise_violations": 0,
    "pathwise_violation_rate": "0/10",
    "n_reps": 10
  },
  "mednli": {
    "alpha": 0.2,
    "n_items": 1138,
    "final_risk_mean": 0.11422342792301925,
    "final_risk_std": 0.04029231262924339,
    "final_ar_mean": 0.6661892208553016,
    "final_ar_std": 0.22641600142993726,
    "max_risk_mean": 0.1241733102067625,
    "max_risk_std": 0.045821957208912405,
    "pathwise_violations": 0,
    "pathwise_violation_rate": "0/10",
    "n_reps": 10
  },
  "gsm8k": {
    "alpha": 0.05,
    "n_items": 1055,
    "final_risk_mean": 0.002912791717845236,
    "final_risk_std": 0.008738375153535706,
    "final_ar_mean": 0.09003159557661927,
    "final_ar_std": 0.2700947867298578,
    "max_risk_mean": 0.0036679536679536683,
    "max_risk_std": 0.011003861003861004,
    "pathwise_violations": 0,
    "pathwise_violation_rate": "0/10",
    "n_reps": 10
  },
  "headqa": {
    "alpha": 0.2,
    "n_items": 1100,
    "final_risk_mean": 0.0,
    "final_risk_std": 0.0,
    "final_ar_mean": 0.0,
    "final_ar_std": 0.0,
    "max_risk_mean": 0.0,
    "max_risk_std": 0.0,
    "pathwise_violations": 0,
    "pathwise_violation_rate": "0/10",
    "n_reps": 10
  },
  "arc": {
    "alpha": 0.1,
    "n_items": 938,
    "final_risk_mean": 0.0,
    "final_risk_std": 0.0,
    "final_ar_mean": 0.0,
    "final_ar_std": 0.0,
    "max_risk_mean": 0.0,
    "max_risk_std": 0.0,
    "pathwise_violations": 0,
    "pathwise_violation_rate": "0/10",
    "n_reps": 10
  },
  "casehold": {
    "alpha": 0.25,
    "n_items": 2880,
    "final_risk_mean": 0.07809010397563765,
    "final_risk_std": 0.07992046359195323,
    "final_ar_mean": 0.14983333333333335,
    "final_ar_std": 0.1674199791932991,
    "max_risk_mean": 0.08457016182565322,
    "max_risk_std": 0.08644861459740515,
    "pathwise_violations": 0,
    "pathwise_violation_rate": "0/10",
    "n_reps": 10
  }
}