{
  "medical": {
    "0.05": {
      "alpha": 0.05,
      "n_items": 1018,
      "final_risk_mean": 0.0,
      "final_risk_std": 0.0,
      "final_ar_mean": 0.0,
      "final_ar_std": 0.0,
      "max_risk_mean": 0.0,
      "max_risk_std": 0.0,
      "pathwise_violations": 0,
      "pathwise_violation_rate": "0/10",
      "n_reps": 10,
      "seconds": 6.751760721206665
    },
    "0.10": {
      "alpha": 0.1,
      "n_items": 1018,
      "final_risk_mean": 0.0,
      "final_risk_std": 0.0,
      "final_ar_mean": 0.0,
      "final_ar_std": 0.0,
      "max_risk_mean": 0.0,
      "max_risk_std": 0.0,
      "pathwise_violations": 0,
      "pathwise_violation_rate": "0/10",
      "n_reps": 10,
      "seconds": 6.784966945648193
    },
    "0.15": {
      "alpha": 0.15,
      "n_items": 1018,
      "final_risk_mean": 0.0,
      "final_risk_std": 0.0,
      "final_ar_mean": 0.0,
      "final_ar_std": 0.0,
      "max_risk_mean": 0.0,
      "max_risk_std": 0.0,
      "pathwise_violations": 0,
      "pathwise_violation_rate": "0/10",
      "n_reps": 10,
      "seconds": 6.837798833847046
    },
    "0.20": {
      "alpha": 0.2,
      "n_items": 1018,
      "final_risk_mean": 0.06868513345943209,
      "final_risk_std": 0.05608127065571695,
      "final_ar_mean": 0.24344466273739357,
      "final_ar_std": 0.19877182089364562,
      "max_risk_mean": 0.07405694289596385,
      "max_risk_std": 0.060572737435195007,
      "pathwise_violations": 0,
      "pathwise_violation_rate": "0/10",
      "n_reps": 10,
      "seconds": 6.882820129394531
    },
    "0.25": {
      "alpha": 0.25,
      "n_items": 1018,
      "final_risk_mean": 0.12979977913424004,
      "final_risk_std": 0.031212603494340577,
      "final_ar_mean": 0.4544826457105435,
      "final_ar_std": 0.0973495881555288,
      "max_risk_mean": 0.1388120419869601,
      "max_risk_std": 0.037162678887651415,
      "pathwise_violations": 0,
      "pathwise_violation_rate": "0/10",
      "n_reps": 10,
      "seconds": 6.918356895446777
    },
    "0.30": {
      "alpha": 0.3,
      "n_items": 1018,
      "final_risk_mean": 0.1841503072081116,
      "final_risk_std": 0.023299296165612427,
      "final_ar_mean": 0.624950884086444,
      "final_ar_std": 0.07295378871459879,
      "max_risk_mean": 0.1929880117342099,
      "max_risk_std": 0.025567992226426233,
      "pathwise_violations": 0,
      "pathwise_violation_rate": "0/10",
      "n_reps": 10,
      "seconds": 6.90430212020874
    }
  },
  "pubmedqa": {
    "0.05": {
      "alpha": 0.05,
      "n_items": 800,
      "final_risk_mean": 0.0,
      "final_risk_std": 0.0,
      "final_ar_mean": 0.0,
      "final_ar_std": 0.0,
      "max_risk_mean": 0.0,
      "max_risk_std": 0.0,
      "pathwise_violations": 0,
      "pathwise_violation_rate": "0/10",
      "n_reps": 10,
      "seconds": 4.939728260040283
    },
    "0.10": {
      "alpha": 0.1,
      "n_items": 800,
      "final_risk_mean": 0.0,
      "final_risk_std": 0.0,
      "final_ar_mean": 0.0,
      "final_ar_std": 0.0,
      "max_risk_mean": 0.0,
      "max_risk_std": 0.0,
      "pathwise_violations": 0,
      "pathwise_violation_rate": "0/10",
      "n_reps": 10,
      "seconds": 4.943969011306763
    },
    "0.15": {
      "alpha": 0.15,
      "n_items": 800,
      "final_risk_mean": 0.0,
      "final_risk_std": 0.0,
      "final_ar_mean": 0.0,
      "final_ar_std": 0.0,
      "max_risk_mean": 0.0,
      "max_risk_std": 0.0,
      "pathwise_violations": 0,
      "pathwise_violation_rate": "0/10",
      "n_reps": 10,
      "seconds": 4.94807767868042
    },
    "0.20": {
      "alpha": 0.2,
      "n_items": 800,
      "final_risk_mean": 0.0,
      "final_risk_std": 0.0,
      "final_ar_mean": 0.0,
      "final_ar_std": 0.0,
      "max_risk_mean": 0.0,
      "max_risk_std": 0.0,
      "pathwise_violations": 0,
      "pathwise_violation_rate": "0/10",
      "n_reps": 10,
      "seconds": 4.90618896484375
    },
    "0.25": {
      "alpha": 0.25,
      "n_items": 800,
      "final_risk_mean": 0.1704410037571745,
      "final_risk_std": 0.023439274225052823,
      "final_ar_mean": 0.76425,
      "final_ar_std": 0.08438843514434374,
      "max_risk_mean": 0.17968350596142352,
      "max_risk_std": 0.027327671059276814,
      "pathwise_violations": 0,
      "pathwise_violation_rate": "0/10",
      "n_reps": 10,
      "seconds": 4.949777126312256
    },
    "0.30": {
      "alpha": 0.3,
      "n_items": 800,
      "final_risk_mean": 0.22692725342261616,
      "final_risk_std": 0.015361971243755332,
      "final_ar_mean": 0.9492166666666664,
      "final_ar_std": 0.042133570674436974,
      "max_risk_mean": 0.23638157401920273,
      "max_risk_std": 0.021243000848402194,
      "pathwise_violations": 0,
      "pathwise_violation_rate": "0/10",
      "n_reps": 10,
      "seconds": 4.971372127532959
    }
  },
  "tatqa": {
    "0.05": {
      "alpha": 0.05,
      "n_items": 565,
      "final_risk_mean": 0.0,
      "final_risk_std": 0.0,
      "final_ar_mean": 0.0,
      "final_ar_std": 0.0,
      "max_risk_mean": 0.0,
      "max_risk_std": 0.0,
      "pathwise_violations": 0,
      "pathwise_violation_rate": "0/10",
      "n_reps": 10,
      "seconds": 3.6308882236480713
    },
    "0.10": {
      "alpha": 0.1,
      "n_items": 565,
      "final_risk_mean": 0.0,
      "final_risk_std": 0.0,
      "final_ar_mean": 0.0,
      "final_ar_std": 0.0,
      "max_risk_mean": 0.0,
      "max_risk_std": 0.0,
      "pathwise_violations": 0,
      "pathwise_violation_rate": "0/10",
      "n_reps": 10,
      "seconds": 3.630781888961792
    },
    "0.15": {
      "alpha": 0.15,
      "n_items": 565,
      "final_risk_mean": 0.07399694807115975,
      "final_risk_std": 0.024666208050731848,
      "final_ar_mean": 0.4512743362831858,
      "final_ar_std": 0.15042486668855343,
      "max_risk_mean": 0.07944867940409477,
      "max_risk_std": 0.02658736841316725,
      "pathwise_violations": 0,
      "pathwise_violation_rate": "0/10",
      "n_reps": 10,
      "seconds": 3.643984794616699
    },
    "0.20": {
      "alpha": 0.2,
      "n_items": 565,
      "final_risk_mean": 0.08219309106269315,
      "final_risk_std": 0.00018309665303641417,
      "final_ar_mean": 0.5014454277286136,
      "final_ar_std": 0.00018516052892596785,
      "max_risk_mean": 0.08793705149711803,
      "max_risk_std": 0.0025652290504920936,
      "pathwise_violations": 0,
      "pathwise_violation_rate": "0/10",
      "n_reps": 10,
      "seconds": 3.6311659812927246
    },
    "0.25": {
      "alpha": 0.25,
      "n_items": 565,
      "final_risk_mean": 0.08219309106269315,
      "final_risk_std": 0.00018309665303641417,
      "final_ar_mean": 0.5014454277286136,
      "final_ar_std": 0.00018516052892596785,
      "max_risk_mean": 0.08793705149711803,
      "max_risk_std": 0.0025652290504920936,
      "pathwise_violations": 0,
      "pathwise_violation_rate": "0/10",
      "n_reps": 10,
      "seconds": 3.6412570476531982
    },
    "0.30": {
      "alpha": 0.3,
      "n_items": 565,
      "final_risk_mean": 0.11711150490725233,
      "final_risk_std": 0.06998536304112023,
      "final_ar_mean": 0.5952743362831858,
      "final_ar_std": 0.1876136554734777,
      "max_risk_mean": 0.12534020772387483,
      "max_risk_std": 0.0760644647860743,
      "pathwise_violations": 0,
      "pathwise_violation_rate": "0/10",
      "n_reps": 10,
      "seconds": 3.637220859527588
    }
  },
  "mednli": {
    "0.05": {
      "alpha": 0.05,
      "n_items": 1138,
      "final_risk_mean": 0.0,
      "final_risk_std": 0.0,
      "final_ar_mean": 0.0,
      "final_ar_std": 0.0,
      "max_risk_mean": 0.0,
      "max_risk_std": 0.0,
      "pathwise_violations": 0,
      "pathwise_violation_rate": "0/10",
      "n_reps": 10,
      "seconds": 7.071238279342651
    },
    "0.10": {
      "alpha": 0.1,
      "n_items": 1138,
      "final_risk_mean": 0.0,
      "final_risk_std": 0.0,
      "final_ar_mean": 0.0,
      "final_ar_std": 0.0,
      "max_risk_mean": 0.0,